client_id,client_name
1,Cliente 1
2,Cliente 2
3,Cliente 3
4,Cliente 4
5,Cliente 5
6,Cliente 6
7,Cliente 7
8,Cliente 8
9,Cliente 9
10,Cliente 10
11,Cliente 11
12,Cliente 12
13,Cliente 13
14,Cliente 14
15,Cliente 15
16,Cliente 16
17,Cliente 17
18,Cliente 18
19,Cliente 19
20,Cliente 20
21,Cliente 21
22,Cliente 22
23,Cliente 23
24,Cliente 24
25,Cliente 25
26,Cliente 26
27,Cliente 27
28,Cliente 28
29,Cliente 29
30,Cliente 30
31,Cliente 31
32,Cliente 32
33,Cliente 33
34,Cliente 34
35,Cliente 35
36,Cliente 36
37,Cliente 37
38,Cliente 38
39,Cliente 39
40,Cliente 40
41,Cliente 41
42,Cliente 42
43,Cliente 43
44,Cliente 44
45,Cliente 45
46,Cliente 46
47,Cliente 47
48,Cliente 48
49,Cliente 49
50,Cliente 50
51,Cliente 51
52,Cliente 52
53,Cliente 53
54,Cliente 54
55,Cliente 55
56,Cliente 56
57,Cliente 57
58,Cliente 58
59,Cliente 59
60,Cliente 60
61,Cliente 61
62,Cliente 62
63,Cliente 63
64,Cliente 64
65,Cliente 65
66,Cliente 66
67,Cliente 67
68,Cliente 68
69,Cliente 69
70,Cliente 70
71,Cliente 71
72,Cliente 72
73,Cliente 73
74,Cliente 74
75,Cliente 75
76,Cliente 76
77,Cliente 77
78,Cliente 78
79,Cliente 79
80,Cliente 80
81,Cliente 81
82,Cliente 82
83,Cliente 83
84,Cliente 84
85,Cliente 85
86,Cliente 86
87,Cliente 87
88,Cliente 88
89,Cliente 89
90,Cliente 90
91,Cliente 91
92,Cliente 92
93,Cliente 93
94,Cliente 94
95,Cliente 95
96,Cliente 96
97,Cliente 97
98,Cliente 98
99,Cliente 99
100,Cliente 100
101,Cliente 101
102,Cliente 102
103,Cliente 103
104,Cliente 104
105,Cliente 105
106,Cliente 106
107,Cliente 107
108,Cliente 108
109,Cliente 109
110,Cliente 110
111,Cliente 111
112,Cliente 112
113,Cliente 113
114,Cliente 114
115,Cliente 115
116,Cliente 116
117,Cliente 117
118,Cliente 118
119,Cliente 119
120,Cliente 120
121,Cliente 121
122,Cliente 122
123,Cliente 123
124,Cliente 124
125,Cliente 125
126,Cliente 126
127,Cliente 127
128,Cliente 128
129,Cliente 129
130,Cliente 130
131,Cliente 131
132,Cliente 132
133,Cliente 133
134,Cliente 134
135,Cliente 135
136,Cliente 136
137,Cliente 137
138,Cliente 138
139,Cliente 139
140,Cliente 140
141,Cliente 141
142,Cliente 142
143,Cliente 143
144,Cliente 144
145,Cliente 145
146,Cliente 146
147,Cliente 147
148,Cliente 148
149,Cliente 149
150,Cliente 150
151,Cliente 151
152,Cliente 152
153,Cliente 153
154,Cliente 154
155,Cliente 155
156,Cliente 156
157,Cliente 157
158,Cliente 158
159,Cliente 159
160,Cliente 160
161,Cliente 161
162,Cliente 162
163,Cliente 163
164,Cliente 164
165,Cliente 165
166,Cliente 166
167,Cliente 167
168,Cliente 168
169,Cliente 169
170,Cliente 170
171,Cliente 171
172,Cliente 172
173,Cliente 173
174,Cliente 174
175,Cliente 175
176,Cliente 176
177,Cliente 177
178,Cliente 178
179,Cliente 179
180,Cliente 180
181,Cliente 181
182,Cliente 182
183,Cliente 183
184,Cliente 184
185,Cliente 185
186,Cliente 186
187,Cliente 187
188,Cliente 188
189,Cliente 189
